{"_runtime":128.216709165,"_step":30,"train_loss_step":0.8139102458953857,"_wandb":{"runtime":132},"epoch":0,"trainer/global_step":309,"_timestamp":1.7596075777625682e+09}